{
    "totalRaised": 5401701.624900999,
    "raiseAllocationFries": "233961218.37375628719",
    "uniqueAddresses": 486,
	"duration": 22,
    "nft": [
        {
            "amount": 200
        },
        {
            "amount": 143
        }
    ]
}